geo,anio,salario_min_eur,salario_min_pps,pib_pps,indice_vivienda,gini,brecha_genero,pobreza_laboral,tasa_desempleo,inflacion_hicp,es_eu27
AL,1999,45.0,89.0,,,,,,,,False
AL,2000,49.5,99.0,,,,,,,,False
AL,2001,56.5,107.5,,,,,,,,False
AL,2002,65.5,123.5,,,,,,,,False
AL,2003,70.5,143.0,,,,,,,,False
AL,2004,81.5,154.5,,,,,,,,False
AL,2005,90.0,168.5,,,,,,,,False
AL,2006,105.0,189.5,,,,,,,,False
AL,2007,114.0,204.0,,,,,,,,False
AL,2008,135.0,237.0,,,,,,,,False
AL,2009,137.5,244.0,,,,,,,,False
AL,2010,134.5,262.0,,,,,,,,False
AL,2011,139.0,278.0,,,,,,,,False
AL,2012,148.0,301.5,,,,,,,,False
AL,2013,153.0,309.0,29.0,,,,,,,False
AL,2014,157.0,314.0,30.0,,,,,,,False
AL,2015,157.0,326.0,30.0,,,,,,,False
AL,2016,160.0,314.0,30.0,,,,,,101.51,False
AL,2017,172.0,327.0,30.0,,36.8,,17.9,,104.76,False
AL,2018,186.0,336.0,30.0,,35.4,6.8,16.6,,106.59,False
AL,2019,211.5,363.0,30.0,,34.3,,14.7,,108.39,False
AL,2020,211.0,353.0,30.0,,33.2,,12.8,,110.74,False
AL,2021,244.0,398.0,31.0,,33.0,,12.7,,113.26,False
AL,2022,258.5,424.5,33.0,,31.0,,10.5,,120.69,False
AL,2023,337.0,521.5,38.0,,30.2,,9.9,,127.13,False
AL,2024,392.0,566.0,,,,,,,130.38,False
AL,2025,408.0,566.0,,,,,,,133.42,False
AL,2026,517.0,708.0,,,,,,,,False
AT,1999,,,,,,,,,73.58,True
AT,2000,,,,,,,,,75.02,True
AT,2001,,,,,,,,,76.74,True
AT,2002,,,,,,,,,78.04,True
AT,2003,,,,,,,7.7,,79.05,True
AT,2004,,,,,,,7.3,,80.6,True
AT,2005,,,,,,,6.8,,82.3,True
AT,2006,,,,,,25.5,6.3,,83.69,True
AT,2007,,,,,,25.5,6.1,,85.53,True
AT,2008,,,,,,25.1,8.5,,88.29,True
AT,2009,,,,,,24.3,8.2,5.7,88.64,True
AT,2010,,,,,,24.0,7.5,5.2,90.14,True
AT,2011,,,,,,23.5,7.6,4.9,93.35,True
AT,2012,,,,,,22.9,8.2,5.2,95.75,True
AT,2013,,,131.0,,,22.3,7.9,5.7,97.77,True
AT,2014,,,129.0,,,22.2,7.2,6.0,99.2,True
AT,2015,,,128.0,129.33,,21.8,7.8,6.1,100.0,True
AT,2016,,,128.0,138.0,27.2,20.8,8.3,6.5,100.97,True
AT,2017,,,125.0,145.02,27.9,20.7,7.7,5.9,103.22,True
AT,2018,,,126.0,153.68,26.8,20.4,8.0,5.2,105.41,True
AT,2019,,,124.0,162.91,27.5,20.0,7.7,4.8,106.98,True
AT,2020,,,123.0,175.25,27.0,19.2,7.2,6.0,108.47,True
AT,2021,,,121.0,195.3,26.7,19.1,7.6,6.2,111.46,True
AT,2022,,,123.0,217.9,27.8,18.7,8.2,4.8,121.07,True
AT,2023,,,121.0,211.68,28.1,,7.7,5.1,130.4,True
AT,2024,,,119.0,210.88,28.4,,7.5,5.2,134.21,True
AT,2025,,,,,,,,5.7,139.01,True
BA,2013,,,30.0,,,,,,,False
BA,2014,,,30.0,,,,,,,False
BA,2015,,,31.0,,,,,,,False
BA,2016,,,31.0,,,,,,,False
BA,2017,,,31.0,,,,,,,False
BA,2018,,,32.0,,,,,,,False
BA,2019,,,32.0,,,,,,,False
BA,2020,,,33.0,,,,,,,False
BA,2021,,,33.0,,,,,17.4,,False
BA,2022,,,34.0,,,,,15.4,,False
BA,2023,,,35.0,,,,,13.2,,False
BA,2024,,,35.0,,,,,12.6,,False
BA,2025,,,,,,,,12.2,,False
BE,1999,1085.0,960.0,,,,,,,73.0,True
BE,2000,1096.0,1005.0,,,,,,,74.96,True
BE,2001,1129.0,1031.0,,,,,,,76.78,True
BE,2002,1151.5,1064.5,,,,,,,77.97,True
BE,2003,1174.5,1072.5,,,,,6.5,,79.16,True
BE,2004,1186.0,1083.0,,,,,4.0,,80.63,True
BE,2005,1210.0,1108.0,,,,,3.9,,82.67,True
BE,2006,1234.0,1124.0,,,,9.5,4.0,,84.6,True
BE,2007,1271.0,1152.0,,,,10.1,4.3,,86.13,True
BE,2008,1323.0,1194.5,,,,10.2,4.7,,90.0,True
BE,2009,1388.0,1243.0,,,,10.1,4.5,8.0,89.99,True
BE,2010,1388.0,1247.0,,,,10.2,4.4,8.4,92.09,True
BE,2011,1429.5,1285.0,,,,9.4,4.1,7.2,95.18,True
BE,2012,1458.0,1307.5,,,,8.3,4.5,7.6,97.68,True
BE,2013,1502.0,1343.0,121.0,,,7.5,4.4,8.6,98.9,True
BE,2014,1502.0,1351.0,121.0,,,6.6,4.8,8.7,99.38,True
BE,2015,1502.0,1351.0,119.0,109.17,,6.4,4.5,8.7,100.0,True
BE,2016,1517.0,1338.5,118.0,111.72,26.3,6.0,4.7,7.9,101.77,True
BE,2017,1547.5,1354.5,117.0,115.67,26.1,5.8,5.0,7.2,104.03,True
BE,2018,1563.0,1363.0,116.0,119.16,25.7,5.8,5.1,6.0,106.44,True
BE,2019,1594.0,1387.0,117.0,123.62,,4.7,4.7,5.5,107.77,True
BE,2020,1610.0,1417.0,118.0,128.92,25.3,3.2,4.3,5.8,108.23,True
BE,2021,1626.0,1408.0,117.0,137.52,24.1,1.8,3.8,6.3,111.71,True
BE,2022,1750.0,1489.5,118.0,145.12,24.7,0.7,3.4,5.6,123.26,True
BE,2023,1955.0,1666.0,118.0,148.52,24.3,,4.7,5.5,126.07,True
BE,2024,2032.0,1743.5,,153.3,24.6,,4.2,5.7,131.52,True
BE,2025,2091.0,1794.0,,,23.4,,4.1,6.2,135.49,True
BE,2026,2112.0,1812.0,,,,,,,,True
BG,1999,32.5,86.5,,,,,,,49.02,True
BG,2000,36.0,94.0,,,,,,,54.08,True
BG,2001,41.5,103.0,,,,,,,58.06,True
BG,2002,51.0,126.0,,,,18.9,,,61.44,True
BG,2003,56.0,140.0,,,,,,,62.88,True
BG,2004,61.0,146.0,,,,,,,66.75,True
BG,2005,77.0,180.0,,,,,,,70.78,True
BG,2006,82.0,179.0,,,,12.4,5.5,,76.02,True
BG,2007,92.0,191.0,,,,12.1,5.9,,81.78,True
BG,2008,112.0,218.0,,,,12.3,7.6,,91.55,True
BG,2009,123.0,229.0,,,,13.3,7.5,7.9,93.81,True
BG,2010,123.0,232.0,,,,13.0,7.7,11.3,96.66,True
BG,2011,123.0,236.0,,,,13.2,8.2,12.3,99.94,True
BG,2012,143.0,276.0,,,,15.1,7.4,13.3,102.33,True
BG,2013,159.0,313.0,46.0,,,14.1,7.2,13.9,102.72,True
BG,2014,174.0,353.0,48.0,,,14.2,9.3,12.4,101.08,True
BG,2015,189.0,380.0,49.0,,,15.5,7.8,10.1,100.0,True
BG,2016,215.0,433.0,51.0,101.15,,14.6,11.6,8.6,98.68,True
BG,2017,235.0,459.0,52.0,109.91,40.2,14.3,10.0,7.2,99.85,True
BG,2018,261.0,503.0,53.0,117.16,39.6,13.9,10.1,6.2,102.48,True
BG,2019,286.0,534.0,55.0,124.21,40.8,14.0,9.0,5.2,104.99,True
BG,2020,312.0,565.0,57.0,129.87,40.0,12.5,9.7,6.1,106.27,True
BG,2021,332.0,598.0,60.0,141.14,39.7,11.9,10.0,5.2,109.3,True
BG,2022,347.5,599.5,62.0,,38.4,12.6,10.0,4.2,123.52,True
BG,2023,399.0,675.0,63.0,176.43,37.2,,11.7,4.3,134.15,True
BG,2024,477.0,799.0,66.0,205.54,38.4,,12.1,4.2,137.63,True
BG,2025,551.0,923.0,,,37.7,,11.8,3.5,142.5,True
BG,2026,620.0,1039.0,,,,,,,,True
CH,2005,,,,,,,,,97.43,False
CH,2006,,,,,,18.6,,,98.4,False
CH,2007,,,,,,,7.7,,99.17,False
CH,2008,,,,,,,9.2,,101.51,False
CH,2009,,,,,,,8.1,,100.77,False
CH,2010,,,,,,17.8,7.5,4.8,101.39,False
CH,2011,,,,,,17.6,7.6,4.4,101.49,False
CH,2012,,,,,,17.4,8.5,4.5,100.76,False
CH,2013,,,173.0,,,17.6,7.6,4.8,100.83,False
CH,2014,,,173.0,,,17.4,6.2,4.9,100.84,False
CH,2015,,,172.0,,,17.9,8.1,4.8,100.0,False
CH,2016,,,167.0,,29.4,17.4,7.3,5.0,99.47,False
CH,2017,,,161.0,,30.1,17.6,8.2,4.8,100.11,False
CH,2018,,,160.0,,29.7,18.6,7.4,4.7,101.03,False
CH,2019,,,155.0,,30.6,18.4,7.7,4.4,101.41,False
CH,2020,,,156.0,,31.2,18.0,8.0,4.8,100.56,False
CH,2021,,,161.0,,31.4,17.0,7.4,5.1,101.04,False
CH,2022,,,161.0,,31.0,17.0,8.2,4.1,103.74,False
CH,2023,,,,,31.5,,8.8,4.1,106.1,False
CH,2024,,,,,31.0,,8.6,4.4,107.25,False
CH,2025,,,,,,,,4.9,107.36,False
CY,1999,,,,,,,,,71.44,True
CY,2000,,,,,,,,,74.91,True
CY,2001,,,,,,,,,76.4,True
CY,2002,,,,,,22.5,,,78.53,True
CY,2003,,,,,,,,,81.65,True
CY,2004,,,,,,,,,83.2,True
CY,2005,,,,,,,6.4,,84.88,True
CY,2006,,,,,,21.8,7.2,,86.79,True
CY,2007,,,,,,22.0,6.3,,88.67,True
CY,2008,,,,,,19.5,6.3,,92.55,True
CY,2009,,,,,,17.8,6.8,5.4,92.71,True
CY,2010,,,,,,16.8,7.4,6.3,95.09,True
CY,2011,,,,,,16.1,7.3,7.9,98.4,True
CY,2012,,,,,,15.6,8.0,11.9,101.45,True
CY,2013,,,84.0,,,14.9,9.0,15.9,101.84,True
CY,2014,,,80.0,,,14.2,7.8,16.1,101.57,True
CY,2015,,,81.0,,,13.2,9.2,15.0,100.0,True
CY,2016,,,86.0,88.42,32.1,12.3,8.4,13.0,98.78,True
CY,2017,,,88.0,92.55,30.8,11.2,8.0,11.1,99.45,True
CY,2018,,,89.0,91.3,29.1,10.4,7.4,8.4,100.23,True
CY,2019,,,91.0,98.94,31.5,10.5,6.8,7.2,100.78,True
CY,2020,,,89.0,104.07,29.3,9.9,8.2,7.6,99.67,True
CY,2021,,,92.0,102.48,29.3,11.0,7.1,7.2,101.92,True
CY,2022,,,95.0,109.14,29.0,11.9,8.0,6.3,110.17,True
CY,2023,940.0,1011.0,97.0,119.22,29.3,,7.7,5.8,114.5,True
CY,2024,1000.0,1078.0,,127.95,30.1,,7.4,4.9,117.09,True
CY,2025,1000.0,1078.0,,,,,6.9,4.4,118.06,True
CY,2026,1088.0,1173.0,,,,,,,,True
CZ,1999,95.5,190.0,,,,,,,71.0,True
CZ,2000,118.5,233.5,,,,,,,73.8,True
CZ,2001,145.5,279.0,,,,,,,77.1,True
CZ,2002,186.5,307.0,,,,22.1,,,78.2,True
CZ,2003,196.0,342.0,,,,,,,78.2,True
CZ,2004,209.0,365.0,,,,,,,80.2,True
CZ,2005,237.5,394.0,,,,,3.5,,81.5,True
CZ,2006,270.0,418.5,,,,23.4,3.5,,83.2,True
CZ,2007,285.0,436.0,,,,23.6,3.3,,85.6,True
CZ,2008,317.5,433.0,,,,26.2,3.6,,91.0,True
CZ,2009,303.5,434.0,,,,25.9,3.2,6.7,91.5,True
CZ,2010,306.5,434.0,,,,21.6,3.7,7.3,92.6,True
CZ,2011,324.0,434.0,,,,22.6,4.1,6.7,94.6,True
CZ,2012,311.0,432.0,,,,22.5,4.6,7.0,98.0,True
CZ,2013,313.0,439.0,85.0,,,22.3,4.1,7.0,99.3,True
CZ,2014,310.0,472.0,88.0,,,22.5,3.6,6.1,99.8,True
CZ,2015,335.0,505.0,89.0,105.1,,,4.0,5.1,100.0,True
CZ,2016,365.5,536.0,89.0,112.5,25.1,,3.8,4.0,100.7,True
CZ,2017,413.5,593.0,92.0,125.8,24.5,,3.6,2.9,103.1,True
CZ,2018,473.5,643.0,93.0,136.5,24.0,,3.5,2.2,105.1,True
CZ,2019,522.0,693.0,95.0,149.0,24.0,19.3,3.5,2.0,107.8,True
CZ,2020,560.5,723.0,96.0,161.6,24.2,16.7,3.7,2.6,111.4,True
CZ,2021,587.5,711.0,92.0,193.5,24.8,15.4,3.5,2.8,115.1,True
CZ,2022,653.5,735.0,90.0,226.1,24.8,18.4,3.5,2.2,132.1,True
CZ,2023,723.0,777.0,91.0,222.3,24.4,,3.1,2.6,147.9,True
CZ,2024,759.5,851.0,91.0,233.5,23.7,,3.7,2.6,151.9,True
CZ,2025,833.5,936.0,,,24.0,,4.1,2.8,155.4,True
CZ,2026,924.0,1009.0,,,,,,,,True
DE,1999,,,,,,,,,77.8,True
DE,2000,,,,,,,,,78.9,True
DE,2001,,,,,,,,,80.4,True
DE,2002,,,,,,,,,81.5,True
DE,2003,,,,,,,,,82.4,True
DE,2004,,,,,,,,,83.8,True
DE,2005,,,,,,,4.8,,85.5,True
DE,2006,,,,,,22.7,5.5,,87.0,True
DE,2007,,,,,,22.8,7.4,,89.0,True
DE,2008,,,,,,22.8,7.1,,91.4,True
DE,2009,,,,,,22.6,6.8,7.3,91.6,True
DE,2010,,,,,,22.3,7.1,6.6,92.7,True
DE,2011,,,,,,22.4,7.7,5.5,95.0,True
DE,2012,,,,,,22.7,7.7,5.1,97.0,True
DE,2013,,,126.0,,,22.1,8.6,4.9,98.6,True
DE,2014,,,128.0,,,22.3,9.9,4.7,99.3,True
DE,2015,1444.0,1350.0,126.0,119.3,,21.8,9.6,4.4,100.0,True
DE,2016,1444.0,1349.0,126.0,128.2,29.5,21.1,9.5,3.9,100.4,True
DE,2017,1506.0,1414.0,126.0,136.1,29.1,20.4,9.0,3.5,102.1,True
DE,2018,1506.0,1424.0,125.0,145.1,31.1,20.1,9.0,3.2,104.0,True
DE,2019,1561.0,1458.0,122.0,153.5,29.7,19.2,7.9,2.9,105.5,True
DE,2020,1544.0,1444.0,123.0,165.4,,18.3,8.5,3.6,105.8,True
DE,2021,1593.5,1486.5,120.0,184.5,31.2,17.6,8.6,3.6,109.2,True
DE,2022,1686.5,1555.5,,195.7,29.0,,7.1,3.1,118.7,True
DE,2023,1997.0,1841.0,,179.3,29.4,,6.5,3.1,125.9,True
DE,2024,2054.0,1891.0,,176.5,29.5,,6.5,3.4,129.0,True
DE,2025,2161.0,1989.0,,,30.1,,6.7,3.8,131.9,True
DE,2026,2343.0,2157.0,,,,,,,,True
DK,1999,,,,,,,,,75.4,True
DK,2000,,,,,,,,,77.5,True
DK,2001,,,,,,,,,79.3,True
DK,2002,,,,,,,,,81.2,True
DK,2003,,,,,,,4.4,,82.7,True
DK,2004,,,,,,,4.7,,83.5,True
DK,2005,,,,,,,4.8,,85.0,True
DK,2006,,,,,,17.6,4.5,,86.5,True
DK,2007,,,,,,17.7,4.2,,88.0,True
DK,2008,,,,,,17.1,5.0,,91.2,True
DK,2009,,,,,,16.8,5.9,6.4,92.1,True
DK,2010,,,,,,17.1,6.3,7.7,94.1,True
DK,2011,,,,,,16.4,6.3,7.8,96.6,True
DK,2012,,,,,,16.8,5.3,7.8,98.9,True
DK,2013,,,129.0,,,16.5,5.4,7.4,99.4,True
DK,2014,,,128.0,,,16.0,4.8,6.9,99.8,True
DK,2015,,,127.0,,,15.1,5.1,6.3,100.0,True
DK,2016,,,126.0,115.35,27.7,15.1,5.3,6.0,100.0,True
DK,2017,,,128.0,121.07,27.6,14.8,5.4,5.8,101.1,True
DK,2018,,,127.0,126.4,27.8,14.6,6.1,5.1,101.8,True
DK,2019,,,125.0,129.21,27.5,17.7,6.3,5.0,102.5,True
DK,2020,,,132.0,134.77,,13.8,6.1,5.6,102.9,True
DK,2021,,,133.0,150.33,27.0,14.2,5.6,5.1,104.9,True
DK,2022,,,134.0,157.41,27.7,13.8,5.4,4.5,113.8,True
DK,2023,,,126.0,151.44,28.2,,5.9,5.1,117.6,True
DK,2024,,,127.0,156.76,28.6,,6.1,6.2,119.1,True
DK,2025,,,,,,,,6.4,121.3,True
EE,1999,80.0,133.0,,,,,,,56.02,True
EE,2000,89.0,148.0,,,,,,,58.22,True
EE,2001,102.0,162.0,,,,,,,61.5,True
EE,2002,118.0,189.0,,,,,,,63.71,True
EE,2003,138.0,220.0,,,,,,,64.59,True
EE,2004,159.0,248.0,,,,,9.4,,66.55,True
EE,2005,172.0,263.0,,,,,7.5,,69.29,True
EE,2006,192.0,276.0,,,,29.8,7.8,,72.37,True
EE,2007,230.0,314.0,,,,30.9,7.9,,77.25,True
EE,2008,278.0,368.0,,,,27.6,7.4,,85.45,True
EE,2009,278.0,375.0,,,,26.6,8.3,13.5,85.62,True
EE,2010,278.0,381.0,,,,27.7,6.7,16.6,87.96,True
EE,2011,278.0,375.0,,,,27.3,8.2,12.3,92.43,True
EE,2012,290.0,384.0,,,,29.9,8.5,9.9,96.33,True
EE,2013,320.0,417.0,76.0,,,29.8,7.7,8.6,99.46,True
EE,2014,355.0,458.0,78.0,,,28.1,11.8,7.3,99.93,True
EE,2015,390.0,503.0,77.0,156.5,,26.7,10.3,6.4,100.0,True
EE,2016,430.0,546.0,78.0,163.92,32.7,24.8,9.9,6.8,100.8,True
EE,2017,470.0,581.0,80.0,172.95,31.6,24.9,9.7,5.8,104.48,True
EE,2018,500.0,602.0,82.0,183.2,30.6,21.8,9.5,5.4,108.05,True
EE,2019,540.0,636.0,84.0,196.04,30.5,21.6,10.3,4.5,110.5,True
EE,2020,584.0,679.0,85.0,207.81,30.5,21.0,10.5,6.9,109.8,True
EE,2021,584.0,641.0,85.0,239.09,30.6,20.3,10.2,6.2,114.72,True
EE,2022,654.0,659.0,83.0,292.27,31.9,21.1,10.7,5.6,137.03,True
EE,2023,725.0,718.0,80.0,309.43,31.8,,10.6,6.4,149.52,True
EE,2024,820.0,820.0,79.0,328.31,30.8,,10.6,7.6,155.1,True
EE,2025,886.0,886.0,,,30.9,,10.5,7.5,162.57,True
EE,2026,886.0,886.0,,,,,,,,True
EL,1999,508.5,586.0,,,,,,,69.01,True
EL,2000,530.0,608.5,,,,,,,71.01,True
EL,2001,548.0,639.5,,,,,,,73.59,True
EL,2002,577.0,682.0,,,,25.5,,,76.48,True
EL,2003,607.0,700.0,,,,,13.3,,79.12,True
EL,2004,631.0,713.0,,,,,13.0,,81.51,True
EL,2005,668.0,745.0,,,,,12.7,,84.35,True
EL,2006,710.0,788.0,,,,20.7,13.7,,87.14,True
EL,2007,749.0,806.0,,,,21.5,14.1,,89.75,True
EL,2008,794.0,856.0,,,,,14.2,,93.55,True
EL,2009,840.5,881.5,,,,,13.7,9.8,94.81,True
EL,2010,863.0,884.0,,,,15.0,13.9,12.9,99.27,True
EL,2011,870.0,891.0,,,,,11.9,18.1,102.36,True
EL,2012,780.5,811.0,,,,,15.1,24.8,103.42,True
EL,2013,684.0,740.0,71.0,,,,13.0,27.8,102.54,True
EL,2014,684.0,771.0,71.0,,,12.5,13.2,26.6,101.11,True
EL,2015,684.0,775.0,69.0,,,,13.4,25.0,100.0,True
EL,2016,684.0,780.0,67.0,,34.3,,14.0,23.9,100.02,True
EL,2017,684.0,787.0,67.0,,33.4,,12.8,21.8,101.15,True
EL,2018,684.0,787.0,66.0,,32.3,10.4,10.9,19.7,101.94,True
EL,2019,721.0,830.0,66.0,,31.0,,10.1,17.9,102.46,True
EL,2020,758.0,858.0,62.0,,31.4,,10.0,17.6,101.17,True
EL,2021,758.0,869.0,64.0,,32.4,,11.1,14.7,101.75,True
EL,2022,803.0,918.5,66.0,,31.4,13.5,10.6,12.5,111.21,True
EL,2023,871.0,1015.5,,,31.8,,9.8,11.1,115.84,True
EL,2024,939.0,1093.0,,,31.8,,10.5,10.1,119.31,True
EL,2025,997.5,1160.5,,,,,9.7,8.9,122.75,True
EL,2026,1027.0,1194.0,,,,,,,,True
ES,1999,486.0,535.0,,,,,,,68.82,True
ES,2000,496.0,547.0,,,,,,,71.22,True
ES,2001,506.0,559.0,,,,,,,73.23,True
ES,2002,516.0,576.0,,,,20.2,,,75.86,True
ES,2003,526.0,577.0,,,,,,,78.21,True
ES,2004,555.0,592.0,,,,,10.8,,80.6,True
ES,2005,599.0,638.0,,,,,10.6,,83.33,True
ES,2006,631.0,670.0,,,,17.9,10.1,,86.29,True
ES,2007,666.0,691.0,,,,18.1,10.2,,88.75,True
ES,2008,700.0,722.0,,,,16.1,11.3,,92.41,True
ES,2009,728.0,735.0,,,,16.7,11.7,17.9,92.19,True
ES,2010,739.0,741.0,,,,16.2,10.8,19.9,94.08,True
ES,2011,748.0,749.0,,,,17.6,10.9,21.4,96.94,True
ES,2012,748.0,754.0,,,,18.7,10.8,24.8,99.31,True
ES,2013,753.0,773.0,90.0,,,17.8,10.6,26.1,100.83,True
ES,2014,753.0,782.0,90.0,,,14.9,12.6,24.5,100.63,True
ES,2015,757.0,798.0,91.0,74.32,,14.1,13.2,22.1,100.0,True
ES,2016,764.0,802.0,92.0,77.76,34.5,14.8,13.1,19.6,99.66,True
ES,2017,826.0,872.0,93.0,82.57,34.1,13.5,13.1,17.2,101.69,True
ES,2018,859.0,891.0,91.0,88.13,33.2,11.9,13.0,15.3,103.46,True
ES,2019,1050.0,1094.0,91.0,92.69,33.0,9.6,12.8,14.1,104.26,True
ES,2020,1108.0,1133.0,83.0,94.76,32.1,9.3,11.8,15.5,103.91,True
ES,2021,1108.0,1173.0,85.0,98.25,33.0,9.3,12.7,14.9,107.04,True
ES,2022,1146.5,1224.0,88.0,105.52,32.0,9.2,11.8,13.0,115.95,True
ES,2023,1213.5,1332.5,,109.76,31.5,,11.3,12.2,119.89,True
ES,2024,1323.0,1456.0,,119.1,31.2,,11.3,11.4,123.33,True
ES,2025,1381.0,1519.0,,,30.8,,11.2,10.5,126.65,True
ES,2026,1381.0,1519.0,,,,,,,,True
FI,1999,,,,,,,,,74.59,True
FI,2000,,,,,,,,,76.79,True
FI,2001,,,,,,,,,78.84,True
FI,2002,,,,,,,,,80.42,True
FI,2003,,,,,,,,,81.46,True
FI,2004,,,,,,,4.3,,81.58,True
FI,2005,,,,,,,3.7,,82.21,True
FI,2006,,,,,,21.3,4.4,,83.26,True
FI,2007,,,,,,20.2,5.0,,84.57,True
FI,2008,,,,,,20.5,5.1,,87.89,True
FI,2009,,,,,,20.8,3.7,8.3,89.32,True
FI,2010,,,,,,20.3,3.7,8.6,90.83,True
FI,2011,,,,,,19.1,3.9,8.0,93.85,True
FI,2012,,,,,,19.2,3.8,7.9,96.81,True
FI,2013,,,114.0,,,18.8,3.8,8.3,98.96,True
FI,2014,,,111.0,,,18.4,3.7,8.7,100.16,True
FI,2015,,,109.0,,,17.5,3.5,9.4,100.0,True
FI,2016,,,109.0,107.89,25.4,17.5,3.1,8.9,100.39,True
FI,2017,,,110.0,109.06,25.3,17.1,2.7,8.7,101.23,True
FI,2018,,,109.0,110.07,25.9,16.9,3.1,7.5,102.42,True
FI,2019,,,107.0,110.53,26.2,16.7,2.9,6.8,103.58,True
FI,2020,,,112.0,112.48,26.5,16.9,3.2,7.7,103.98,True
FI,2021,,,109.0,117.65,25.7,16.9,2.8,7.7,106.12,True
FI,2022,,,106.0,118.78,26.6,16.0,2.5,6.8,113.74,True
FI,2023,,,103.0,111.4,26.6,,2.8,7.2,118.67,True
FI,2024,,,102.0,107.95,26.1,,2.8,8.4,119.83,True
FI,2025,,,,,27.1,,3.1,9.7,122.01,True
FR,1999,1042.5,920.0,,,,,,,76.83,True
FR,2000,1066.0,966.5,,,,,,,78.23,True
FR,2001,1105.0,1024.5,,,,,,,79.62,True
FR,2002,1140.5,1060.5,,,,,,,81.16,True
FR,2003,1184.5,1067.5,,,,,,8.5,82.93,True
FR,2004,1250.5,1116.0,,,,,5.4,8.9,84.86,True
FR,2005,1252.0,1140.0,,,,,6.1,8.9,86.47,True
FR,2006,1236.0,1118.5,,,,15.4,6.0,8.9,88.1,True
FR,2007,1267.0,1147.5,,,,17.3,6.4,8.0,89.52,True
FR,2008,1300.5,1163.5,,,,16.9,6.5,7.4,92.34,True
FR,2009,1329.5,1183.5,,,,15.2,6.6,9.1,92.44,True
FR,2010,1344.0,1203.0,,,,15.6,6.5,9.3,94.05,True
FR,2011,1365.0,1225.0,,,,15.7,7.6,9.2,96.2,True
FR,2012,1412.0,1261.5,,,,15.6,8.0,9.8,98.33,True
FR,2013,1430.0,1294.0,109.0,,,15.5,7.8,10.3,99.31,True
FR,2014,1445.0,1301.0,108.0,,,15.5,8.0,10.3,99.91,True
FR,2015,1458.0,1301.0,106.0,100.26,,15.6,7.5,10.3,100.0,True
FR,2016,1467.0,1305.0,105.0,101.31,29.3,15.9,8.0,10.1,100.31,True
FR,2017,1480.0,1310.0,103.0,104.51,28.8,16.3,7.3,9.4,101.47,True
FR,2018,1498.0,1315.0,103.0,107.57,28.5,16.7,7.1,9.0,103.6,True
FR,2019,1521.0,1341.0,105.0,111.14,29.2,16.0,7.4,8.4,104.95,True
FR,2020,1539.0,1363.0,104.0,116.92,,15.0,7.4,8.0,105.5,True
FR,2021,1555.0,1360.0,101.0,124.3,29.3,13.7,6.7,7.9,107.68,True
FR,2022,1624.5,1445.0,97.0,132.16,,12.8,7.4,7.3,114.04,True
FR,2023,1728.0,1540.0,,131.6,29.7,,7.8,7.3,120.5,True
FR,2024,1767.0,1589.0,,126.72,30.0,,8.2,7.4,123.29,True
FR,2025,1802.0,1620.0,,,,,,7.7,124.43,True
FR,2026,1823.0,1639.0,,,,,,,,True
HR,1999,,,,,,,,,66.37,True
HR,2000,,,,,,,,,69.32,True
HR,2001,,,,,,,,,72.28,True
HR,2002,,,,,,,,,74.11,True
HR,2003,,,,,,,,,75.88,True
HR,2004,,,,,,,,,77.51,True
HR,2005,,,,,,,,,79.83,True
HR,2006,,,,,,,,,82.46,True
HR,2007,,,,,,,,,84.65,True
HR,2008,380.0,508.0,,,,,,,89.56,True
HR,2009,380.0,506.0,,,,,,9.2,91.56,True
HR,2010,388.0,516.0,,,,5.7,6.2,11.7,92.55,True
HR,2011,380.5,519.0,,,,,6.5,13.7,94.59,True
HR,2012,373.5,526.0,,,,,6.1,16.1,97.76,True
HR,2013,386.5,546.5,61.0,,,7.7,6.2,17.3,100.04,True
HR,2014,397.0,577.0,60.0,,,8.7,5.7,17.3,100.26,True
HR,2015,397.5,587.0,61.0,90.53,,,5.8,16.2,100.0,True
HR,2016,411.0,604.0,62.0,91.33,29.8,11.6,5.5,13.0,99.37,True
HR,2017,437.5,634.0,63.0,94.82,29.9,12.3,5.8,11.1,100.67,True
HR,2018,464.0,657.0,64.0,100.61,29.7,11.4,5.2,8.3,102.23,True
HR,2019,506.5,709.0,67.0,109.63,29.2,10.2,5.0,6.6,103.04,True
HR,2020,546.0,762.0,66.0,118.03,28.3,8.7,5.1,7.4,103.06,True
HR,2021,565.0,813.0,70.0,126.66,29.2,7.3,4.9,7.5,105.82,True
HR,2022,623.0,857.0,72.0,145.46,28.5,7.7,4.7,6.8,117.11,True
HR,2023,700.0,937.0,78.0,162.83,,,6.2,6.1,126.94,True
HR,2024,840.0,1102.0,,179.72,,,8.4,5.0,132.04,True
HR,2025,970.0,1272.0,,,,,7.9,4.9,137.82,True
HR,2026,1050.0,1377.0,,,,,,,,True
HU,1999,89.5,177.0,,,,,,,47.25,True
HU,2000,99.0,189.0,,,,,,,51.95,True
HU,2001,157.5,280.0,,,,,,,56.67,True
HU,2002,204.0,337.0,,,,19.1,,,59.64,True
HU,2003,200.0,328.0,,,,,,,62.43,True
HU,2004,206.5,331.0,,,,,,,66.66,True
HU,2005,231.5,351.0,,,,,8.8,,68.98,True
HU,2006,234.0,376.0,,,,14.4,6.9,,71.76,True
HU,2007,263.0,374.0,,,,16.3,5.8,,77.45,True
HU,2008,282.5,391.0,,,,17.5,5.8,,82.12,True
HU,2009,265.5,401.0,,,,17.1,6.2,9.7,85.43,True
HU,2010,264.5,413.0,,,,17.6,5.4,10.8,89.47,True
HU,2011,287.0,443.0,,,,18.0,6.2,10.7,92.98,True
HU,2012,309.5,514.0,,,,20.1,5.7,10.7,98.24,True
HU,2013,333.5,541.0,68.0,,,18.4,7.0,9.8,99.92,True
HU,2014,335.0,546.0,69.0,,,15.1,6.7,7.5,99.94,True
HU,2015,333.0,552.0,70.0,106.77,,14.0,9.3,6.6,100.0,True
HU,2016,350.5,571.0,69.0,121.06,28.2,14.0,9.7,5.0,100.45,True
HU,2017,412.5,626.0,69.0,135.86,28.1,,10.2,4.0,102.84,True
HU,2018,431.5,656.0,72.0,155.35,28.7,14.2,8.5,3.6,105.84,True
HU,2019,462.5,680.0,73.0,181.69,,,11.1,3.3,109.46,True
HU,2020,469.5,692.0,75.0,190.67,28.2,,8.4,4.1,113.15,True
HU,2021,459.0,672.0,75.0,222.12,27.4,,6.2,4.0,119.04,True
HU,2022,523.0,759.0,76.0,271.75,26.9,,6.2,3.6,137.22,True
HU,2023,601.5,822.0,76.0,291.0,28.6,,6.2,4.1,160.59,True
HU,2024,686.0,918.0,,,28.0,,7.0,4.5,166.56,True
HU,2025,717.0,1001.0,,,,,8.3,4.4,173.96,True
HU,2026,838.0,1111.0,,,,,,,,True
IE,1999,,,,,,,,,73.3,True
IE,2000,945.0,797.0,,,,,,,77.1,True
IE,2001,977.0,800.0,,,,,,,80.2,True
IE,2002,1009.0,792.0,,,,15.1,,,84.0,True
IE,2003,1073.0,842.0,,,,,7.1,,87.3,True
IE,2004,1128.0,889.5,,,,,6.5,,89.3,True
IE,2005,1238.0,980.5,,,,,5.9,,91.3,True
IE,2006,1293.0,1021.0,,,,17.2,6.2,,93.7,True
IE,2007,1432.5,1127.0,,,,17.3,5.5,,96.4,True
IE,2008,1462.0,1129.0,,,,12.6,6.3,,99.5,True
IE,2009,1462.0,1162.0,,,,12.6,4.9,12.6,97.8,True
IE,2010,1462.0,1216.0,,,,13.9,5.5,14.6,96.2,True
IE,2011,1462.0,1207.0,,,,12.7,5.2,15.4,97.4,True
IE,2012,1462.0,1200.0,,,,12.2,5.4,15.5,99.2,True
IE,2013,1462.0,1179.0,134.0,,,12.9,5.0,13.8,99.7,True
IE,2014,1462.0,1143.0,141.0,,,13.9,5.6,11.9,100.0,True
IE,2015,1462.0,1139.0,185.0,94.38,,,4.9,9.9,100.0,True
IE,2016,1546.0,1195.0,178.0,101.42,29.6,,5.1,8.4,99.8,True
IE,2017,1563.0,1188.0,187.0,112.44,30.6,,5.2,6.7,100.1,True
IE,2018,1614.0,1203.0,192.0,123.94,28.9,11.3,4.8,5.8,100.8,True
IE,2019,1656.0,1215.0,190.0,126.85,,10.3,6.3,5.0,101.7,True
IE,2020,1681.5,1187.0,205.0,127.24,,9.0,5.6,5.9,101.2,True
IE,2021,1724.0,1246.0,225.0,137.77,26.6,9.9,4.6,6.2,103.6,True
IE,2022,1775.0,1284.0,237.0,154.74,26.9,9.3,5.5,4.5,112.0,True
IE,2023,1910.0,1393.0,218.0,159.48,27.4,,5.6,4.3,117.8,True
IE,2024,2146.0,1554.0,221.0,173.07,26.4,,5.3,4.3,119.4,True
IE,2025,2282.0,1653.0,,,,,,4.7,121.9,True
IE,2026,2391.0,1732.0,,,,,,,,True
IS,1999,,,,,,,,,45.59,False
IS,2000,,,,,,,,,47.6,False
IS,2001,,,,,,,,,50.74,False
IS,2002,,,,,,,,,53.44,False
IS,2003,,,,,,,,,54.18,False
IS,2004,,,,,,,7.0,,55.43,False
IS,2005,,,,,,,8.0,,56.19,False
IS,2006,,,,,,,6.6,,58.8,False
IS,2007,,,,,,24.0,7.2,,60.94,False
IS,2008,,,,,,20.7,6.9,,68.71,False
IS,2009,,,,,,18.0,7.8,7.2,79.89,False
IS,2010,,,,,,17.7,6.8,7.6,85.85,False
IS,2011,,,,,,17.8,6.7,7.0,89.46,False
IS,2012,,,,,,17.7,5.4,6.0,94.84,False
IS,2013,,,125.0,,,19.0,6.2,5.4,98.76,False
IS,2014,,,126.0,,,16.7,4.7,4.9,99.74,False
IS,2015,,,131.0,138.85,,17.5,6.7,4.0,100.0,False
IS,2016,,,135.0,152.41,24.1,15.8,6.7,3.0,100.79,False
IS,2017,,,133.0,182.17,25.2,15.3,7.3,2.7,99.13,False
IS,2018,,,131.0,197.18,23.2,13.8,7.3,2.7,99.86,False
IS,2019,,,129.0,205.9,23.7,,6.6,3.5,101.85,False
IS,2020,,,123.0,219.09,24.0,12.0,7.0,5.5,103.06,False
IS,2021,,,124.0,246.54,,10.2,,6.1,106.84,False
IS,2022,,,135.0,298.31,,9.0,,3.8,112.96,False
IS,2023,,,136.0,321.53,,,,3.5,121.96,False
IS,2024,,,131.0,347.43,,,,3.6,127.47,False
IS,2025,,,,,,,,,132.22,False
IT,1999,,,,,,,,,72.3,True
IT,2000,,,,,,,,,74.2,True
IT,2001,,,,,,,,,75.9,True
IT,2002,,,,,,,,,77.9,True
IT,2003,,,,,,,,,80.1,True
IT,2004,,,,,,,9.0,,81.9,True
IT,2005,,,,,,,8.8,,83.7,True
IT,2006,,,,,,4.4,9.0,,85.6,True
IT,2007,,,,,,5.1,9.4,,87.3,True
IT,2008,,,,,,4.9,9.1,,90.4,True
IT,2009,,,,,,5.5,10.2,7.9,91.1,True
IT,2010,,,,,,5.3,9.7,8.5,92.6,True
IT,2011,,,,,,5.7,11.1,8.5,95.3,True
IT,2012,,,,,,6.5,11.1,10.9,98.4,True
IT,2013,,,100.0,,,7.0,11.2,12.4,99.7,True
IT,2014,,,98.0,,,6.1,11.1,12.9,99.9,True
IT,2015,,,97.0,84.7,,,11.6,12.0,100.0,True
IT,2016,,,99.0,84.9,33.1,,11.8,11.7,99.9,True
IT,2017,,,98.0,84.0,32.7,,12.3,11.3,101.3,True
IT,2018,,,97.0,83.5,33.4,5.5,12.3,10.6,102.5,True
IT,2019,,,96.0,83.4,32.8,4.6,11.8,9.9,103.2,True
IT,2020,,,93.0,85.0,32.5,4.0,10.8,9.3,103.0,True
IT,2021,,,96.0,87.2,32.9,4.7,11.7,9.5,105.0,True
IT,2022,,,98.0,90.5,32.7,3.8,11.5,8.1,114.2,True
IT,2023,,,98.0,91.6,31.5,,9.9,7.7,120.9,True
IT,2024,,,98.0,94.6,32.2,,10.3,6.5,122.3,True
IT,2025,,,,,31.0,,10.2,6.1,124.3,True
LT,1999,98.0,206.0,,,,,,,67.94,True
LT,2000,110.0,211.0,,,,,,,68.68,True
LT,2001,121.5,213.0,,,,,,,69.74,True
LT,2002,123.5,220.0,,,,13.2,,,69.98,True
LT,2003,125.0,233.0,,,,,,,69.22,True
LT,2004,137.5,254.5,,,,,,,70.02,True
LT,2005,152.0,272.0,,,,,10.2,,71.89,True
LT,2006,166.5,282.0,,,,17.1,10.1,,74.59,True
LT,2007,188.5,305.5,,,,22.6,8.1,,78.93,True
LT,2008,232.0,352.0,,,,21.6,9.5,,87.69,True
LT,2009,232.0,350.0,,,,15.3,10.5,13.8,91.34,True
LT,2010,232.0,360.0,,,,,12.7,17.8,92.43,True
LT,2011,232.0,355.0,,,,11.5,9.6,15.4,96.24,True
LT,2012,232.0,354.0,,,,11.9,7.7,13.4,99.28,True
LT,2013,290.0,448.0,73.0,,,12.2,9.2,11.8,100.44,True
LT,2014,290.0,448.0,75.0,,,13.3,8.4,10.7,100.68,True
LT,2015,312.5,487.5,75.0,118.76,,14.2,10.2,9.1,100.0,True
LT,2016,365.0,561.0,75.0,125.18,37.0,14.4,8.7,7.9,100.68,True
LT,2017,380.0,575.0,78.0,136.33,37.6,15.2,8.8,7.1,104.42,True
LT,2018,400.0,593.0,81.0,146.29,36.9,14.0,8.3,6.2,107.07,True
LT,2019,555.0,816.0,83.0,156.3,35.4,12.9,8.1,6.3,109.47,True
LT,2020,607.0,868.0,87.0,167.66,35.1,12.3,8.1,8.5,110.63,True
LT,2021,642.0,897.0,88.0,194.58,35.4,10.9,7.6,7.1,115.75,True
LT,2022,730.0,925.0,87.0,231.64,36.2,10.5,7.8,6.0,137.57,True
LT,2023,840.0,1023.0,86.0,254.37,35.7,,8.1,6.9,149.52,True
LT,2024,924.0,1132.0,87.0,279.11,,,8.4,7.1,150.79,True
LT,2025,1038.0,1272.0,,,,,,6.9,155.99,True
LT,2026,1153.0,1413.0,,,,,,,,True
LU,1999,1162.0,1040.0,,,,,,,67.87,True
LU,2000,1206.0,1082.5,,,,,,,70.43,True
LU,2001,1274.5,1124.0,,,,,,,72.12,True
LU,2002,1306.0,1163.5,,,,,,,73.6,True
LU,2003,1369.0,1224.0,,,,,7.1,,75.47,True
LU,2004,1403.0,1223.0,,,,,8.6,,77.91,True
LU,2005,1467.0,1288.0,,,,,9.8,,80.85,True
LU,2006,1503.0,1333.0,,,,10.7,10.3,,83.24,True
LU,2007,1570.0,1358.0,,,,10.2,9.3,,85.45,True
LU,2008,1590.0,1373.5,,,,9.7,9.4,,88.94,True
LU,2009,1662.5,1390.0,,,,9.2,10.1,5.1,88.95,True
LU,2010,1704.0,1400.0,,,,8.7,10.6,4.4,91.44,True
LU,2011,1758.0,1436.0,,,,7.9,9.8,4.9,94.85,True
LU,2012,1801.0,1464.0,,,,7.0,10.3,5.1,97.59,True
LU,2013,1874.0,1514.0,277.0,,,6.2,11.2,5.9,99.25,True
LU,2014,1921.0,1527.0,280.0,,,5.4,11.1,5.9,99.94,True
LU,2015,1923.0,1532.0,279.0,124.78,,4.7,11.6,6.7,100.0,True
LU,2016,1923.0,1504.0,276.0,132.28,,3.9,10.9,6.3,100.04,True
LU,2017,1999.0,1552.0,266.0,139.7,29.2,2.6,10.8,5.5,102.15,True
LU,2018,1999.0,1575.0,258.0,149.56,31.3,1.4,11.5,5.6,104.21,True
LU,2019,2090.0,1583.0,249.0,164.69,32.3,0.9,12.0,5.6,105.93,True
LU,2020,2142.0,1559.0,256.0,188.56,,0.3,11.8,6.8,105.93,True
LU,2021,2202.0,1588.0,263.0,214.81,,-0.2,13.5,5.3,109.61,True
LU,2022,2285.0,1666.5,250.0,235.33,,-0.7,12.9,4.6,118.55,True
LU,2023,2447.5,1827.0,248.0,213.98,30.6,,14.8,5.2,122.02,True
LU,2024,2571.0,1935.0,245.0,202.77,30.1,,13.4,6.4,124.77,True
LU,2025,2671.0,2010.5,,,,,,6.5,127.93,True
LU,2026,2704.0,2035.0,,,,,,,,True
LV,1999,77.5,145.0,,,,,,,53.77,True
LV,2000,86.5,146.0,,,,,,,55.18,True
LV,2001,99.0,164.0,,,,,,,56.58,True
LV,2002,104.0,174.0,,,,,,,57.69,True
LV,2003,111.0,195.0,,,,,,,59.39,True
LV,2004,120.5,210.0,,,,,,,63.06,True
LV,2005,115.0,196.0,,,,,9.2,,67.4,True
LV,2006,129.0,198.0,,,,15.1,11.2,,71.83,True
LV,2007,172.0,239.0,,,,13.6,9.5,,79.08,True
LV,2008,228.5,294.0,,,,11.8,10.7,,91.14,True
LV,2009,255.0,339.0,,,,13.1,11.2,17.7,94.11,True
LV,2010,254.0,363.0,,,,15.5,9.7,19.7,92.96,True
LV,2011,282.0,390.0,,,,14.1,9.6,16.3,96.88,True
LV,2012,286.5,388.0,,,,14.9,8.9,15.1,99.09,True
LV,2013,286.0,393.0,60.0,,,16.0,9.1,11.9,99.11,True
LV,2014,320.0,434.0,61.0,,,17.3,8.3,10.9,99.79,True
LV,2015,360.0,492.0,62.0,124.46,,18.4,9.4,9.9,100.0,True
LV,2016,370.0,497.0,63.0,135.03,34.5,19.7,8.5,9.7,100.1,True
LV,2017,380.0,507.0,64.0,146.87,34.5,19.8,9.0,8.7,103.0,True
LV,2018,430.0,561.0,66.0,160.92,35.6,19.6,8.2,7.4,105.63,True
LV,2019,430.0,552.0,66.0,175.33,35.2,21.6,8.7,6.3,108.53,True
LV,2020,430.0,548.0,69.0,181.42,34.5,23.2,8.4,8.1,108.62,True
LV,2021,500.0,665.0,71.0,201.18,35.7,15.9,9.9,7.6,112.14,True
LV,2022,500.0,620.0,69.0,229.01,34.3,18.9,9.6,6.9,131.47,True
LV,2023,620.0,756.0,70.0,237.57,34.0,,9.5,6.5,143.38,True
LV,2024,700.0,856.0,68.0,247.55,34.2,,8.5,6.9,145.32,True
LV,2025,740.0,905.0,,,35.6,,9.0,6.9,150.85,True
LV,2026,780.0,954.0,,,,,,,,True
MD,1999,2.0,,,,,,,,,False
MD,2000,2.0,,,,,,,,,False
MD,2001,9.0,,,,,,,,,False
MD,2002,8.0,,,,,,,,,False
MD,2003,6.5,,,,,,,,,False
MD,2004,6.5,,,,,,,,,False
MD,2005,12.5,,,,,,,,,False
MD,2006,12.5,,,,,,,,,False
MD,2007,18.0,,,,,,,,,False
MD,2008,25.0,,,,,,,,,False
MD,2009,39.5,,,,,,,,,False
MD,2010,36.0,,,,,,,,,False
MD,2011,36.5,,,,,,,,,False
MD,2012,39.5,,,,,,,,,False
MD,2013,37.5,,,,,,,,,False
MD,2014,32.0,,,,,,,,,False
MD,2015,50.5,,,,,,,,,False
MD,2016,46.0,,,,,,,,,False
MD,2017,48.0,,,,,,,,,False
MD,2018,50.0,,,,,,,,,False
MD,2019,49.5,,,,,,,,,False
MD,2020,51.5,,,,,,,,,False
MD,2021,47.0,,,,,,,,,False
MD,2022,50.0,,,,,,,,,False
MD,2023,198.0,,,,,,,,,False
MD,2024,259.5,,,,,,,,,False
MD,2025,282.0,,,,,,,,,False
MD,2026,319.0,,,,,,,,,False
ME,2011,,,,,,,,19.7,,False
ME,2012,,,,,,,,20.0,,False
ME,2013,288.0,502.0,40.0,,,,5.9,19.5,,False
ME,2014,288.0,507.0,41.0,,,7.7,7.8,18.0,,False
ME,2015,288.0,513.0,42.0,,,,7.6,17.6,100.0,False
ME,2016,288.0,515.0,44.0,,36.5,,7.6,17.8,99.93,False
ME,2017,288.0,506.0,45.0,,36.7,,7.6,16.1,102.68,False
ME,2018,288.0,501.0,47.0,,34.7,,7.2,15.2,105.39,False
ME,2019,309.5,542.5,49.0,,34.1,,9.0,15.2,105.94,False
ME,2020,331.0,553.0,44.0,,32.9,,9.8,17.9,105.39,False
ME,2021,331.0,559.0,46.0,,32.5,,6.5,,108.03,False
ME,2022,533.0,866.0,48.0,,31.5,,5.7,,120.92,False
ME,2023,533.0,857.0,52.0,,,,,,131.5,False
ME,2024,533.0,840.0,53.0,,,,,,136.24,False
ME,2025,670.0,1058.0,,,,,,,141.81,False
ME,2026,670.0,1058.0,,,,,,,,False
MK,2005,,,,,,,,,80.44,False
MK,2006,,,,,,,,,83.39,False
MK,2007,,,,,,,,,85.2,False
MK,2008,,,,,,,,,91.67,False
MK,2009,,,,,,,,32.2,91.61,False
MK,2010,,,,,,,,32.0,92.57,False
MK,2011,,,,,,,10.2,31.4,95.52,False
MK,2012,,,,,,,11.0,31.0,97.26,False
MK,2013,199.0,407.0,38.0,,,,11.1,29.0,99.91,False
MK,2014,213.5,441.0,39.0,,,9.1,9.7,28.0,99.87,False
MK,2015,220.5,457.5,39.0,,,,8.8,26.1,100.0,False
MK,2016,231.5,483.5,40.0,,33.6,,8.9,23.7,100.24,False
MK,2017,259.5,531.5,40.0,,32.4,,8.9,22.4,102.35,False
MK,2018,279.0,558.0,41.0,,31.9,,8.7,20.8,104.66,False
MK,2019,316.5,635.5,42.0,,30.7,,8.4,17.3,105.42,False
MK,2020,342.5,669.0,42.0,,31.4,,7.8,16.4,106.73,False
MK,2021,356.0,728.0,43.0,,,,8.9,15.5,110.36,False
MK,2022,393.5,757.0,41.0,,29.8,,8.9,14.4,125.83,False
MK,2023,456.5,845.0,41.0,,30.3,,8.3,13.1,137.15,False
MK,2024,513.0,936.0,,,,,,12.3,142.96,False
MK,2025,563.0,1029.5,,,,,,11.5,149.14,False
MK,2026,586.0,1069.0,,,,,,,,False
MT,1999,474.0,632.0,,,,,,,70.21,True
MT,2000,507.5,642.0,,,,,,,72.34,True
MT,2001,539.0,653.0,,,,,,,74.16,True
MT,2002,544.5,665.0,,,,,,,76.1,True
MT,2003,545.5,715.0,,,,,,,77.56,True
MT,2004,544.5,720.0,,,,,,,79.68,True
MT,2005,558.5,742.0,,,,,4.3,,81.69,True
MT,2006,584.0,744.0,,,,5.2,4.1,,83.79,True
MT,2007,602.0,770.0,,,,7.8,4.6,,84.38,True
MT,2008,617.0,778.0,,,,9.2,5.1,,88.33,True
MT,2009,635.0,787.0,,,,7.7,5.4,6.9,89.95,True
MT,2010,660.0,830.0,,,,7.2,5.8,6.9,91.79,True
MT,2011,665.0,824.0,,,,7.7,6.1,6.4,94.1,True
MT,2012,685.0,842.0,,,,9.5,5.2,6.2,97.13,True
MT,2013,703.0,840.0,91.0,,,9.7,5.8,6.1,98.08,True
MT,2014,718.0,855.0,94.0,,,10.6,5.5,5.7,98.84,True
MT,2015,720.0,859.0,99.0,109.85,,10.7,5.5,5.4,100.0,True
MT,2016,728.0,861.0,100.0,115.84,28.6,11.6,5.8,4.7,100.9,True
MT,2017,736.0,853.0,106.0,121.96,28.2,13.2,5.8,4.0,102.18,True
MT,2018,748.0,864.0,107.0,129.01,28.7,13.0,6.4,4.0,103.95,True
MT,2019,762.0,881.0,106.0,136.92,28.0,10.5,6.5,4.1,105.54,True
MT,2020,777.0,868.0,105.0,141.55,30.3,7.9,7.4,4.9,106.37,True
MT,2021,785.0,856.0,109.0,148.77,31.2,7.2,7.4,3.8,107.12,True
MT,2022,792.0,859.0,103.0,158.67,31.1,5.8,7.2,3.5,113.69,True
MT,2023,835.0,918.0,109.0,168.53,33.0,,7.5,3.5,120.01,True
MT,2024,925.0,1010.0,110.0,,30.8,,7.8,3.2,122.94,True
MT,2025,961.0,1049.0,,,,,,3.1,125.9,True
MT,2026,994.0,1085.0,,,,,,,,True
NL,1999,1071.0,1002.0,,,,,,,72.81,True
NL,2000,1101.5,1050.0,,,,,,,74.51,True
NL,2001,1167.5,1091.0,,,,,,,78.32,True
NL,2002,1219.5,1138.5,,,,18.7,,,81.35,True
NL,2003,1257.0,1141.0,,,,,,,83.16,True
NL,2004,1265.0,1169.0,,,,,,,84.32,True
NL,2005,1265.0,1183.0,,,,,5.8,,85.57,True
NL,2006,1279.0,1206.5,,,,23.6,4.4,,86.99,True
NL,2007,1309.0,1253.5,,,,19.3,4.5,,88.36,True
NL,2008,1346.0,1283.0,,,,18.9,4.7,,90.32,True
NL,2009,1390.0,1288.0,,,,18.5,5.0,5.4,91.2,True
NL,2010,1412.0,1287.0,,,,17.8,5.1,6.1,92.05,True
NL,2011,1429.5,1288.5,,,,18.8,5.4,6.0,94.32,True
NL,2012,1451.5,1302.5,,,,18.0,4.6,6.8,96.99,True
NL,2013,1473.5,1315.5,136.0,,,17.2,4.5,8.2,99.47,True
NL,2014,1490.5,1307.5,133.0,,,17.0,5.3,8.4,99.79,True
NL,2015,1505.0,1318.5,132.0,89.71,,16.1,5.1,7.9,100.0,True
NL,2016,1531.0,1321.5,130.0,94.45,,15.6,5.6,7.0,100.11,True
NL,2017,1558.5,1358.0,130.0,102.09,27.1,15.1,6.1,5.9,101.4,True
NL,2018,1586.0,1387.0,130.0,111.6,27.4,14.7,6.1,4.9,103.02,True
NL,2019,1626.0,1388.5,128.0,119.65,26.8,14.9,5.4,4.4,105.78,True
NL,2020,1667.0,1435.0,131.0,129.24,28.2,14.7,5.5,4.9,106.96,True
NL,2021,1693.0,1466.0,132.0,147.96,26.4,14.3,5.1,4.2,109.98,True
NL,2022,1740.5,1517.0,134.0,167.61,26.3,14.0,5.0,3.5,122.78,True
NL,2023,1964.5,1680.0,131.0,164.39,26.5,,5.1,3.6,127.81,True
NL,2024,2102.0,1812.5,134.0,177.84,25.9,,4.5,3.7,131.92,True
NL,2025,2219.5,1914.0,,,25.9,,5.2,3.9,135.86,True
NL,2026,2295.0,1979.0,,,,,,,,True
NO,1999,,,,,,,,,74.8,False
NO,2000,,,,,,,,,77.1,False
NO,2001,,,,,,,,,79.1,False
NO,2002,,,,,,,,,79.7,False
NO,2003,,,,,,,4.4,,81.3,False
NO,2004,,,,,,,4.5,,81.8,False
NO,2005,,,,,,,4.5,,83.1,False
NO,2006,,,,,,16.0,6.1,,85.1,False
NO,2007,,,,,,15.6,5.9,,85.7,False
NO,2008,,,,,,17.0,5.4,,88.7,False
NO,2009,,,,,,16.5,5.6,3.4,90.7,False
NO,2010,,,,,,16.1,5.2,4.0,92.8,False
NO,2011,,,,,,15.7,5.5,3.6,94.0,False
NO,2012,,,,,,14.7,5.1,3.5,94.3,False
NO,2013,,,185.0,,,15.5,5.8,3.9,96.2,False
NO,2014,,,177.0,,,14.5,5.2,3.8,98.0,False
NO,2015,,,157.0,131.99,,16.0,5.7,4.7,100.0,False
NO,2016,,,145.0,142.39,25.0,14.5,5.9,4.9,103.9,False
NO,2017,,,150.0,150.13,26.1,13.7,6.0,4.4,105.8,False
NO,2018,,,156.0,152.48,24.8,13.2,6.1,4.0,109.0,False
NO,2019,,,146.0,158.62,25.4,,6.4,3.9,111.5,False
NO,2020,,,141.0,166.45,25.3,,6.0,4.7,112.8,False
NO,2021,,,171.0,181.69,,,6.0,4.4,117.2,False
NO,2022,,,214.0,192.32,27.5,,5.9,3.2,124.5,False
NO,2023,,,169.0,194.85,,,5.6,3.6,131.6,False
NO,2024,,,160.0,201.83,24.4,,6.3,4.0,135.4,False
NO,2025,,,,,,,6.1,4.5,139.2,False
PL,1999,159.5,290.0,,,,,,,63.6,True
PL,2000,164.0,287.0,,,,,,,70.0,True
PL,2001,211.5,314.0,,,,,,,73.8,True
PL,2002,202.0,316.0,,,,7.5,,,75.2,True
PL,2003,189.0,336.0,,,,,,,75.7,True
PL,2004,178.5,339.0,,,,,,,78.5,True
PL,2005,209.0,339.0,,,,,13.8,,80.2,True
PL,2006,227.5,361.0,,,,7.5,12.8,,81.2,True
PL,2007,246.0,388.0,,,,14.9,11.7,,83.3,True
PL,2008,324.5,465.0,,,,11.4,11.5,,86.8,True
PL,2009,297.0,509.0,,,,8.0,11.0,8.5,90.3,True
PL,2010,319.5,543.0,,,,4.5,11.5,10.0,92.7,True
PL,2011,348.0,572.0,,,,5.5,11.2,10.0,96.3,True
PL,2012,344.5,623.0,,,,6.4,10.4,10.4,99.8,True
PL,2013,381.0,666.0,67.0,,,7.1,10.8,10.6,100.6,True
PL,2014,404.0,691.0,68.0,,,7.7,10.7,9.2,100.7,True
PL,2015,414.0,726.0,70.0,94.69,,7.3,11.3,7.7,100.0,True
PL,2016,425.5,758.0,69.0,96.45,29.8,7.1,10.9,6.3,99.8,True
PL,2017,463.0,800.0,70.0,100.16,29.2,7.0,9.9,5.0,101.4,True
PL,2018,491.5,826.0,72.0,106.75,27.8,8.5,9.7,3.9,102.6,True
PL,2019,526.0,875.0,74.0,116.01,28.5,6.5,9.9,3.3,104.8,True
PL,2020,597.0,991.0,79.0,128.17,27.2,4.5,9.6,3.2,108.6,True
PL,2021,616.5,1014.0,79.0,139.92,26.8,6.2,9.0,3.4,114.3,True
PL,2022,648.5,1042.0,78.0,156.43,26.3,7.8,9.3,2.9,129.4,True
PL,2023,778.5,1157.0,77.0,170.23,27.0,5.9,9.1,2.8,143.5,True
PL,2024,988.0,1373.0,78.0,195.72,26.0,4.0,9.3,2.9,148.7,True
PL,2025,1095.5,1500.0,,,,,8.5,3.1,153.7,True
PL,2026,1139.0,1545.0,,,,,,,,True
PT,1999,357.0,433.0,,,,,,,71.18,True
PT,2000,371.0,450.0,,,,,,,73.18,True
PT,2001,390.0,466.0,,,,,,,76.41,True
PT,2002,406.0,474.0,,,,,,,79.24,True
PT,2003,416.0,493.0,,,,,,,81.8,True
PT,2004,426.0,501.0,,,,,11.8,,83.85,True
PT,2005,437.0,525.0,,,,,11.5,,85.64,True
PT,2006,450.0,542.0,,,,8.4,10.4,,88.25,True
PT,2007,470.0,550.0,,,,8.5,9.3,,90.39,True
PT,2008,497.0,576.0,,,,9.2,11.3,,92.78,True
PT,2009,525.0,601.0,,,,10.0,10.3,11.2,91.95,True
PT,2010,554.0,636.0,,,,12.8,9.6,12.6,93.22,True
PT,2011,566.0,646.0,,,,12.9,10.2,13.5,96.54,True
PT,2012,566.0,650.0,,,,15.0,9.9,16.6,99.22,True
PT,2013,566.0,663.0,77.0,,,13.3,10.4,17.2,99.65,True
PT,2014,566.0,656.0,77.0,,,14.9,10.7,14.6,99.5,True
PT,2015,589.0,681.0,76.0,93.15,,16.0,10.9,13.0,100.0,True
PT,2016,618.0,708.0,77.0,99.77,33.9,13.9,10.8,11.5,100.64,True
PT,2017,650.0,731.0,76.0,109.0,33.5,10.8,10.7,9.2,102.2,True
PT,2018,677.0,768.0,77.0,120.19,32.1,8.9,9.6,7.2,103.4,True
PT,2019,700.0,797.0,77.0,132.16,31.9,9.4,10.7,6.6,103.71,True
PT,2020,741.0,821.0,75.0,143.75,31.2,8.3,9.5,7.1,103.58,True
PT,2021,776.0,878.0,74.0,157.27,33.0,7.1,11.3,6.7,104.55,True
PT,2022,823.0,942.0,77.0,177.14,32.0,6.3,10.2,6.2,113.03,True
PT,2023,887.0,1022.0,81.0,191.66,33.7,,10.0,6.5,118.98,True
PT,2024,957.0,1100.0,,209.06,31.9,,9.2,6.5,122.15,True
PT,2025,1015.0,1167.0,,,30.9,,8.6,6.0,124.83,True
PT,2026,1073.0,1234.0,,,,,,,,True
RO,1999,27.0,64.0,,,,,,,19.23,True
RO,2000,29.5,66.5,,,,,,,28.01,True
RO,2001,49.0,108.0,,,,,,,37.66,True
RO,2002,51.0,117.0,,,,16.0,,,46.14,True
RO,2003,68.5,155.0,,,,,,,53.18,True
RO,2004,68.5,163.0,,,,,,,59.51,True
RO,2005,82.5,160.0,,,,,,,64.9,True
RO,2006,91.0,163.0,,,,7.8,,,69.19,True
RO,2007,119.5,184.0,,,,,16.5,,72.58,True
RO,2008,138.0,224.0,,,,,16.9,,78.33,True
RO,2009,146.0,258.0,,,,,17.2,8.4,82.7,True
RO,2010,139.5,260.0,,,,8.8,17.6,9.0,87.73,True
RO,2011,157.5,287.0,,,,9.6,18.9,9.1,92.84,True
RO,2012,159.5,296.0,,,,6.9,18.9,8.7,95.98,True
RO,2013,168.5,310.5,54.0,,,4.9,18.1,9.0,99.04,True
RO,2014,197.5,358.0,55.0,,,4.5,19.7,8.6,100.41,True
RO,2015,226.5,413.0,56.0,83.65,,,18.6,8.4,100.0,True
RO,2016,254.0,476.5,58.0,88.63,34.7,,18.6,7.2,98.93,True
RO,2017,297.0,540.0,62.0,93.99,33.1,,17.1,6.1,100.0,True
RO,2018,407.5,732.0,65.0,99.23,35.1,2.2,15.0,5.3,104.08,True
RO,2019,442.5,790.0,69.0,102.63,34.8,2.6,15.4,4.9,108.15,True
RO,2020,463.5,832.0,72.0,107.44,33.8,0.9,14.7,6.1,110.67,True
RO,2021,462.5,822.5,72.0,112.17,34.3,1.4,15.2,5.6,115.21,True
RO,2022,515.5,863.0,72.0,120.21,32.0,1.5,14.3,5.6,129.06,True
RO,2023,605.0,992.0,75.0,124.17,31.0,,15.0,5.6,141.64,True
RO,2024,703.0,1105.0,,130.4,28.0,,10.7,5.4,149.91,True
RO,2025,805.5,1279.0,,,27.3,,10.7,6.1,160.06,True
RO,2026,795.0,1279.0,,,,,,,,True
RS,1999,33.0,,,,,,,,,False
RS,2000,36.5,29.0,,,,,,,,False
RS,2001,28.0,61.0,,,,,,,,False
RS,2002,85.0,165.5,,,,,,,,False
RS,2003,103.0,197.5,,,,,,,,False
RS,2004,120.0,237.0,,,,,,,,False
RS,2005,126.0,258.0,,,,,,,,False
RS,2006,142.0,286.0,,,,,,,55.1,False
RS,2007,175.5,310.5,,,,,,,58.3,False
RS,2008,220.5,376.5,,,,,,,65.2,False
RS,2009,226.5,409.0,,,,,,,70.5,False
RS,2010,212.5,402.0,,,,,,21.1,74.9,False
RS,2011,224.0,417.5,,,,,,25.0,83.3,False
RS,2012,232.5,443.0,,,,,,26.0,89.4,False
RS,2013,237.5,443.0,42.0,,,,14.6,24.2,96.3,False
RS,2014,234.0,436.5,41.0,,,8.7,13.8,20.7,98.5,False
RS,2015,235.5,458.5,40.0,,,,13.2,19.0,100.0,False
RS,2016,232.0,448.0,40.0,,39.8,,11.6,16.5,101.3,False
RS,2017,250.5,469.0,40.0,,37.8,,10.7,14.6,104.7,False
RS,2018,284.0,509.0,41.0,,35.6,9.6,9.9,13.8,106.8,False
RS,2019,308.0,546.5,42.0,,33.6,,8.4,11.4,108.8,False
RS,2020,344.0,588.0,44.0,,33.8,,7.8,9.8,110.7,False
RS,2021,366.0,614.0,45.0,,33.3,,6.1,11.2,115.2,False
RS,2022,401.5,638.0,45.0,,32.6,,5.9,9.6,128.7,False
RS,2023,460.5,705.0,48.0,,31.7,,5.8,9.5,144.2,False
RS,2024,544.0,807.0,,,31.9,,5.8,8.6,151.1,False
RS,2025,618.5,917.0,,,,,,8.7,157.3,False
RS,2026,744.0,1105.0,,,,,,,,False
SE,1999,,,,,,,,,78.76,True
SE,2000,,,,,,,,,79.78,True
SE,2001,,,,,,,,,81.92,True
SE,2002,,,,,,,,,83.51,True
SE,2003,,,,,,,,,85.44,True
SE,2004,,,,,,,6.1,,86.32,True
SE,2005,,,,,,,5.5,7.9,87.03,True
SE,2006,,,,,,16.5,7.4,7.2,88.34,True
SE,2007,,,,,,17.8,6.5,6.3,89.82,True
SE,2008,,,,,,16.9,7.4,6.3,92.83,True
SE,2009,,,,,,15.7,7.5,8.5,94.63,True
SE,2010,,,,,,15.4,7.8,8.7,96.43,True
SE,2011,,,,,,15.6,7.5,7.9,97.75,True
SE,2012,,,,,,15.5,7.3,8.1,98.66,True
SE,2013,,,127.0,,,14.6,7.6,8.1,99.1,True
SE,2014,,,125.0,,,13.8,7.7,8.0,99.3,True
SE,2015,,,126.0,135.2,,14.0,8.1,7.5,100.0,True
SE,2016,,,123.0,146.34,27.6,13.3,6.8,7.1,101.14,True
SE,2017,,,119.0,156.06,28.0,12.5,6.9,6.8,103.02,True
SE,2018,,,117.0,154.6,27.0,12.1,7.1,6.5,105.12,True
SE,2019,,,117.0,158.44,27.6,11.1,7.7,6.9,106.93,True
SE,2020,,,120.0,165.09,26.9,10.5,7.7,8.5,107.63,True
SE,2021,,,120.0,181.79,26.8,10.3,6.6,8.9,110.49,True
SE,2022,,,113.0,188.27,27.6,10.4,7.4,7.5,119.39,True
SE,2023,,,111.0,178.37,29.5,,7.0,7.7,126.44,True
SE,2024,,,111.0,178.49,27.6,,7.6,8.4,128.98,True
SE,2025,,,,,28.6,,7.1,8.8,132.35,True
SI,1999,354.5,449.0,,,,,,,56.89,True
SI,2000,372.0,476.0,,,,,,,61.98,True
SI,2001,390.5,499.0,,,,,,,67.33,True
SI,2002,425.5,535.0,,,,6.1,,,72.37,True
SI,2003,446.5,567.0,,,,,,,76.46,True
SI,2004,468.0,599.0,,,,,,,79.26,True
SI,2005,490.5,626.0,,,,,4.6,,81.19,True
SI,2006,512.0,645.0,,,,8.0,4.8,,83.25,True
SI,2007,522.0,640.0,,,,5.0,4.7,,86.42,True
SI,2008,553.0,666.0,,,,4.1,5.1,,91.19,True
SI,2009,589.0,672.0,,,,-0.9,4.8,5.9,91.97,True
SI,2010,665.5,765.5,,,,0.9,5.3,7.3,93.86,True
SI,2011,748.0,869.0,,,,3.3,6.0,8.2,95.81,True
SI,2012,763.0,892.0,,,,4.5,6.5,8.9,98.5,True
SI,2013,784.0,917.0,82.0,,,6.3,7.1,10.1,100.4,True
SI,2014,789.0,916.0,82.0,,,7.0,6.4,9.7,100.77,True
SI,2015,791.0,920.0,81.0,85.32,,8.2,6.7,9.0,100.0,True
SI,2016,791.0,910.0,82.0,88.1,24.4,8.1,6.1,8.0,99.85,True
SI,2017,805.0,930.0,84.0,95.38,23.7,8.4,6.6,6.6,101.4,True
SI,2018,843.0,968.0,86.0,103.71,23.4,9.3,6.0,5.1,103.36,True
SI,2019,887.0,1021.0,87.0,110.65,23.9,7.5,4.5,4.4,105.11,True
SI,2020,941.0,1078.0,88.0,115.75,23.5,2.4,5.0,5.0,104.82,True
SI,2021,1024.0,1175.0,88.0,129.11,23.0,2.7,4.8,4.8,106.97,True
SI,2022,1074.0,1216.0,89.0,148.16,23.1,6.8,4.8,4.0,116.94,True
SI,2023,1203.0,1344.0,91.0,158.88,23.4,,5.8,3.7,125.38,True
SI,2024,1254.0,1390.0,90.0,170.86,23.8,,5.4,3.7,127.87,True
SI,2025,1278.0,1417.0,,,24.6,,5.5,3.9,131.04,True
SI,2026,1278.0,1417.0,,,,,,,,True
SK,1999,74.0,176.0,,,,,,,54.82,True
SK,2000,94.0,203.0,,,,,,,61.5,True
SK,2001,102.0,225.0,,,,,,,65.9,True
SK,2002,113.5,248.0,,,,27.7,,,68.21,True
SK,2003,134.0,261.0,,,,,,,73.96,True
SK,2004,150.0,273.0,,,,,,,79.49,True
SK,2005,168.5,297.0,,,,,9.0,,81.71,True
SK,2006,181.0,308.0,,,,25.8,6.3,,85.19,True
SK,2007,223.5,339.0,,,,23.6,4.9,,86.8,True
SK,2008,254.5,366.0,,,,20.9,5.8,,90.22,True
SK,2009,296.0,402.0,,,,21.9,5.2,12.0,91.05,True
SK,2010,308.0,435.0,,,,19.6,5.7,14.3,91.69,True
SK,2011,317.0,444.0,,,,20.1,6.3,13.5,95.43,True
SK,2012,327.0,455.0,,,,20.8,6.2,13.9,99.0,True
SK,2013,338.0,478.0,77.0,,,18.8,5.8,14.1,100.45,True
SK,2014,352.0,500.0,78.0,,,19.7,5.7,13.1,100.35,True
SK,2015,380.0,538.0,78.0,103.04,,19.7,6.1,11.5,100.0,True
SK,2016,405.0,520.0,73.0,109.91,24.3,19.2,6.5,9.6,99.52,True
SK,2017,435.0,528.0,70.0,116.34,23.2,20.1,6.4,8.1,100.9,True
SK,2018,480.0,568.0,70.0,125.0,20.9,19.8,6.0,6.5,103.46,True
SK,2019,520.0,604.0,70.0,136.41,22.8,18.2,4.4,5.7,106.33,True
SK,2020,580.0,697.0,74.0,149.43,20.9,15.4,5.3,6.7,108.47,True
SK,2021,623.0,756.0,74.0,158.95,21.8,16.0,6.7,6.8,111.53,True
SK,2022,646.0,758.0,71.0,180.73,21.2,16.8,7.2,6.1,125.05,True
SK,2023,700.0,835.0,74.0,180.4,21.6,,9.1,5.8,138.79,True
SK,2024,750.0,885.0,75.0,187.19,21.7,,10.3,5.3,143.17,True
SK,2025,816.0,963.0,,,,,,5.4,149.23,True
SK,2026,915.0,1080.0,,,,,,,,True
TR,1999,214.5,187.5,,,,,,,8.58,False
TR,2000,201.5,295.0,,,,,,,13.14,False
TR,2001,190.5,278.5,,,,,,,20.6,False
TR,2002,167.0,302.5,,,,,,,30.28,False
TR,2003,182.5,308.0,,,,,,,37.94,False
TR,2004,242.5,402.5,,,,,,,41.76,False
TR,2005,284.0,428.0,,,,,,,45.15,False
TR,2006,299.0,438.0,,,,-2.2,18.1,,49.34,False
TR,2007,316.0,456.0,,,,,17.7,,53.66,False
TR,2008,342.5,488.0,,,,,18.2,,59.27,False
TR,2009,315.5,506.5,,,,,18.7,12.6,62.97,False
TR,2010,365.0,536.5,,,,,17.9,10.7,68.37,False
TR,2011,370.5,563.0,,,,,15.9,8.8,72.79,False
TR,2012,387.5,588.0,,,,,15.3,8.2,79.31,False
TR,2013,410.5,601.0,62.0,,,,14.9,8.8,85.22,False
TR,2014,376.5,622.5,65.0,,,-1.3,14.4,9.9,92.81,False
TR,2015,424.5,666.5,67.0,,,,13.7,10.3,100.0,False
TR,2016,516.5,798.0,65.0,,42.6,,13.5,10.9,107.66,False
TR,2017,461.0,781.0,66.0,,43.0,,12.8,10.9,119.63,False
TR,2018,413.0,775.0,64.0,,43.0,,13.1,10.9,139.17,False
TR,2019,406.0,851.0,60.0,,41.7,,13.2,13.7,160.3,False
TR,2020,411.5,814.0,61.0,,43.4,,12.8,13.2,179.98,False
TR,2021,370.0,806.0,62.0,,42.5,,12.6,12.0,215.24,False
TR,2022,351.0,795.5,68.0,,45.3,,13.2,10.5,370.82,False
TR,2023,487.5,1046.5,70.0,,44.2,,11.2,9.4,570.94,False
TR,2024,590.5,1062.0,72.0,,44.8,,10.7,8.8,905.21,False
TR,2025,633.0,,,,43.9,,10.9,8.4,1221.2,False
TR,2026,654.0,,,,,,,,,False
UK,1999,902.0,624.0,,,,,,,72.1,False
UK,2000,944.0,646.0,,,,,,,72.7,False
UK,2001,994.0,682.0,,,,,,,73.6,False
UK,2002,1074.0,744.0,,,,27.3,,,74.5,False
UK,2003,1031.0,771.0,,,,,,,75.5,False
UK,2004,1081.0,842.0,,,,,,,76.5,False
UK,2005,1161.0,887.0,,,,,8.1,,78.1,False
UK,2006,1207.0,931.0,,,,24.3,7.7,,79.9,False
UK,2007,1312.5,976.0,,,,20.8,7.9,,81.8,False
UK,2008,1196.0,988.0,,,,21.4,8.0,,84.7,False
UK,2009,1054.0,980.0,,,,20.6,6.3,,86.6,False
UK,2010,1122.5,987.0,,,,,6.7,,89.4,False
UK,2011,1110.0,996.0,,,,21.8,7.8,,93.4,False
UK,2012,1223.0,1010.0,,,,22.6,8.7,,96.1,False
UK,2013,1220.0,1002.0,110.0,,,21.0,8.2,,98.5,False
UK,2014,1276.0,1010.0,111.0,,,20.9,8.8,,100.0,False
UK,2015,1444.5,1037.0,111.0,116.08,,21.0,8.2,,100.0,False
UK,2016,1477.5,1100.5,108.0,124.19,31.5,20.7,8.6,,100.7,False
UK,2017,1403.5,1161.0,108.0,129.85,,20.8,9.0,,103.4,False
UK,2018,1433.5,1200.5,106.0,134.1,33.5,19.8,10.4,,105.9,False
UK,2019,1485.0,1253.0,104.0,135.42,,,,,107.8,False
UK,2020,1591.0,1309.99,102.0,,,,,,,False
UK,2021,,,100.0,,,,,,,False
UK,2022,,,103.0,,,,,,,False
UK,2023,,,99.0,,,,,,,False
UK,2024,,,99.0,,,,,,,False
UK,2025,,,,,,,,,,False
